,actual Y train,predict Y train,actual Y test,predict Y test
0,0.015100238180909026,0.014193151,0.2680665977425288,0.27644745
1,0.013034313569213751,0.016117964,0.2701325019668638,0.27089214
2,0.013306151835403929,0.015440232,0.2700781655742448,0.27092263
3,0.02165137661763103,0.015484316,0.26837921888422356,0.27056417
4,0.02299693967781319,0.020615185,0.2534148842061001,0.26930964
5,0.023486236324539306,0.02310376,0.2586068748049065,0.25912327
6,0.027074411733864212,0.024474002,0.2570438520050311,0.25968453
7,0.027590898323417407,0.027267618,0.25999320035323303,0.25816286
8,0.029221883068365817,0.028536718,0.26901802555798626,0.25967145
9,0.02746857823920798,0.030084465,0.26867823621998205,0.26592052
10,0.029765537854228502,0.02955343,0.264247369660833,0.26746804
11,0.0339381604390222,0.03088089,0.2724838591365841,0.2653579
12,0.031546050295259004,0.033867024,0.2764933909940798,0.27028996
13,0.03060822900405258,0.03340382,0.27412842865926584,0.2740938
14,0.03150525654649558,0.03283626,0.27419641099169906,0.27384698
15,0.03089363981555998,0.033189937,0.27170912993183294,0.27408478
16,0.03282364189626677,0.032884285,0.26310568156261077,0.27250665
17,0.029548087628636643,0.03400637,0.25372750534779487,0.26644167
18,0.029711179715091907,0.032322183,0.2579816732962375,0.25856614
19,0.028066591164207233,0.031947836,0.2607543243928905,0.25885436
20,0.026408416476431773,0.03072388,0.2559565016585852,0.26025513
21,0.03550118323889764,0.029281529,0.24845396802618214,0.2575034
22,0.03594970788337798,0.034406662,0.2529799429801958,0.25195438
23,0.03603125324702691,0.036257852,0.2509819803135735,0.25324517
24,0.038015632495073226,0.03717323,0.24239213710944507,0.25192165
25,0.03691471775825414,0.038805693,0.24754331357212778,0.24599087
26,0.031532446489322685,0.03866815,0.24577642532439387,0.24767691
27,0.031097525650778668,0.035345636,0.25639144152533205,0.24660416
28,0.036629286559386465,0.034005504,0.2741556376302959,0.2533359
29,0.03569146390902264,0.03683815,0.2769691042222299,0.26675603
30,0.0439687484926945,0.037090868,0.2732585897004926,0.27263913
31,0.04274549464346303,0.04249128,0.26930343636949367,0.2726329
32,0.04429493266560505,0.043475688,0.2654434349263948,0.2704245
33,0.04288141853360883,0.0450299,0.27613999649098186,0.2672761
34,0.04848114002813217,0.044688836,0.3342439732897092,0.27328977
35,0.050574253223497206,0.0481363,0.3477540000870731,0.31282014
36,0.0456133166562189,0.050509565,0.3465035576541718,0.3325537
37,0.045966690771956586,0.04833603,0.3481345627864805,0.33938715
38,0.048372404721656104,0.04800398,0.3605572813712763,0.34365177
39,0.051403320180024636,0.049280144,0.36108733099204526,0.3533653
40,0.05637784016587899,0.05155085,0.3560312642833846,0.35646355
41,0.04759769590426524,0.055460207,0.35934761094062084,0.35460907
42,0.05232755805265504,0.05132462,0.36225622806129754,0.35663664
43,0.045409451208360485,0.05319369,0.3650153147675773,0.35901356
44,0.04178050379678977,0.049227826,0.37134895268988555,0.361606
45,0.045015284703016745,0.04579314,0.3626503537919207,0.36664993
46,0.0387223997547515,0.046534732,0.3598504923650804,0.36242458
47,0.03925246976288077,0.042661287,0.3675025550527229,0.35989162
48,0.028841320368958395,0.041821435,0.3738362337497516,0.36406675
49,0.030336381223760922,0.03488978,0.3690520148213826,0.36911625
50,0.027319070930486078,0.033572085,0.36694529510176654,0.36752483
51,0.022249408570833212,0.03092735,0.3761603805892846,0.36611435
52,0.030825677870487067,0.026871718,0.3753856513845333,0.37175056
53,0.02969759629651586,0.030776607,0.36907918301769205,0.37255406
54,0.03433230655700564,0.031128114,0.37655454845378566,0.36897492
55,0.031070337067108933,0.034325816,0.375127407410178,0.37309152
56,0.027074411733864212,0.033352457,0.37255862176138355,0.3729574
57,0.027590898323417407,0.030706778,0.3795038968019876,0.37148467
58,0.024016307691825944,0.030116132,0.36898403112979206,0.37571162
59,0.021719327689445123,0.027551482,0.3669045230995207,0.36975572
60,0.015086643889074158,0.025272068,0.354604165373655,0.36716628
61,0.019177710236960077,0.020315612,0.3503363909009613,0.35806742
62,0.018362218544064557,0.021136452,0.36103295246554834,0.3527636
63,0.02208630697027647,0.02065232,0.35605843247969404,0.3578728
64,0.019843694621133695,0.022850249,0.35982332416877094,0.35551736
65,0.024587151061358364,0.022168275,0.35787973866948797,0.3577121
66,0.022901798663171963,0.024994245,0.36225622806129754,0.35686606
67,0.019884467982536846,0.024821127,0.35967379511353137,0.35963362
68,0.024057081053229068,0.023028566,0.3668093712116207,0.35857505
69,0.02738701248819872,0.025020298,0.3622154125660164,0.3631578
70,0.019245662667931512,0.027617726,0.3608290870176899,0.3612304
71,0.01821270987618534,0.023508795,0.35657491771009,0.36011142
72,0.01390417291534729,0.021693192,0.35166838005666884,0.35692766
73,0.012640167451230283,0.018229602,0.3560312642833846,0.35280368
74,0.019843694621133695,0.016224943,0.36150866569369844,0.35442266
75,0.01959904629777065,0.019858416,0.3581243774787496,0.3581616
76,0.020686376256856293,0.02079574,0.3556235333876677,0.35697234
77,0.02477743173148339,0.021975076,0.35832824292660803,0.3552818
78,0.024858989327548542,0.024946272,0.36483861887518576,0.35656917
79,0.023486236324539306,0.025998687,0.36126402824359427,0.36104757
80,0.023404690960890318,0.025627103,0.3704927175370486,0.3598987
81,0.018946656205431872,0.025502756,0.37367314166329635,0.3659751
82,0.018620451645161018,0.022669952,0.3724634712326409,0.36954343
83,0.017451574963269045,0.021543525,0.3720693033681398,0.37001908
84,0.01321101082076273,0.020314714,0.37580698608618657,0.37014404
85,0.016839958232333446,0.017245784,0.3735508215790868,0.37267807
86,0.012490658783351066,0.018446099,0.37707103504333883,0.37183896
87,0.0,0.016003178,0.3628270510434697,0.37411788
88,0.0008834536379684343,0.0075893,0.3817873124139952,0.36529073
89,0.0031940170589252748,0.005292725,0.3840570820861887,0.37569723
90,0.0007203506782543223,0.0055309003,0.38218143814461836,0.37925172
91,0.0019707740829526255,0.003980169,0.3824396807598164,0.3795337
92,0.006551137077564662,0.004288473,0.45734286417599157,0.38008273
93,0.010343187448849489,0.00713995,0.4484539642205415,0.4293237
94,0.011756712454104534,0.010414335,0.43588175871438417,0.4355519
95,0.014814816496142802,0.012494,0.4359633040780331,0.43203822
96,0.020441727933493248,0.015213639,0.4256473052128533,0.43199515
97,0.019966024219444656,0.01965573,0.4271287812899225,0.4249981
98,0.018280662307156775,0.020917537,0.4273598570679683,0.42429468
99,0.01342847056045604,0.020496406,0.42484540645263535,0.42389852
100,0.015399254157510145,0.017415754,0.4220047730235492,0.42213613
101,0.015616713897203427,0.017596642,0.4325790158630842,0.41987893
102,0.01198776648563274,0.017624842,0.4418348733528481,0.42618796
103,0.015575941894957618,0.015410865,0.4406931866137832,0.4336349
104,0.013944957150009263,0.016929613,0.43820590555391703,0.43508542
105,0.013306151835403929,0.016311213,0.4325654106979906,0.43434218
106,0.011580015202555555,0.015797228,0.439918457409032,0.43060955
107,0.011580015202555555,0.014545186,0.4313829505975225,0.43449113
108,0.01121304815414037,0.014109874,0.4303499774184161,0.42958736
109,0.012612977508403206,0.013678732,0.42555215332495333,0.4279827
110,0.015575941894957618,0.0143814385,0.4284743334768458,0.42417383
111,0.01876995895388292,0.016419977,0.43903501328516503,0.42504212
112,0.0257832163269201,0.019091237,0.43359838387709704,0.43192282
113,0.026123005664924343,0.024397232,0.4306625985601109,0.43004984
114,0.026788999563199467,0.02645528,0.43874960111450034,0.42813388
115,0.027482163016941397,0.027793596,0.4321576798022737,0.43288848
116,0.029072374400486573,0.028745899,0.4357730437952684,0.42955595
117,0.023486236324539306,0.030082384,0.4380700224384918,0.43142414
118,0.02439687039123334,0.027083892,0.43816513219251385,0.43319446
119,0.02185525157959095,0.026754279,0.4457764215187533,0.43377712
120,0.023730886007059693,0.024920829,0.4378797213810065,0.4390328
121,0.027522936378344548,0.025475739,0.432674166391827,0.4351661
122,0.0285966611723365,0.027925817,0.42798505721748004,0.4311797
123,0.025769622035085232,0.02941849,0.43067620372520454,0.42693388
124,0.026027864650283172,0.028283117,0.43786611621591287,0.42739236
125,0.024451236685314015,0.028158339,0.44085627870023847,0.43192187
126,0.021637782325796162,0.027071234,0.4367108650864747,0.4349808
127,0.024791026023318286,0.024963059,0.4282161316363684,0.43330127
128,0.02208630697027647,0.026185678,0.4330955024526375,0.42755643
129,0.02450560433855206,0.024798889,0.43384302268635866,0.42927548
130,0.020632008603618274,0.025920535,0.4495820879283906,0.42978406
131,0.02204553360887332,0.023822743,0.4435066518465598,0.44029117
132,0.032456683002795694,0.024078147,0.44536869198219375,0.43887803
133,0.036153593718596666,0.030504769,0.4585524924727691,0.44045037
134,0.04101935801061468,0.034876913,0.45155284026482556,0.44942114
135,0.038885491841206765,0.03964469,0.4505470774159065,0.4470512
136,0.0414950712387647,0.04006747,0.44782876271187255,0.4464382
137,0.04318043451020995,0.04205125,0.4366292775889479,0.44443092
138,0.045980294577892905,0.04372908,0.4423785281387107,0.43656728
139,0.04955488520948442,0.046090223,0.44686377322435655,0.438344
140,0.05047910269475453,0.049159527,0.44729867095722564,0.44119567
141,0.05007135141167737,0.050834246,0.4450289026441895,0.44223827
142,0.053713903988341805,0.0512715,0.4459531187703023,0.44121394
143,0.05397214660353972,0.053775728,0.43641184910987374,0.44166103
144,0.05802243007592103,0.05474282,0.44278630116830553,0.43544793
145,0.05724770087116984,0.057715878,0.455181809422914,0.43816084
146,0.0587427821133327,0.05822163,0.4715732430107671,0.4465177
147,0.06012912804901946,0.059475116,0.4851648165309371,0.4593471
148,0.07083927439134,0.060767286,0.47921170053331597,0.47179988
149,0.06899081903343948,0.06796259,0.4986340713260552,0.47171748
150,0.06943934367791982,0.06911973,0.508868524827586,0.4852506
151,0.06847435283124656,0.07015244,0.5157866303127232,0.49510735
152,0.06585116962775225,0.069933414,0.5156507064225774,0.50275856
153,0.061298004730911404,0.06824626,0.5160176639568911,0.5052022
154,0.06358137820904117,0.06483991,0.507740401119737,0.50661796
155,0.071029555061465,0.06512744,0.5719469808374471,0.5018329
156,0.06359496298677458,0.06972777,0.5746516903763874,0.54244256
157,0.06477744347460293,0.06651071,0.5673394999353476,0.55295867
158,0.06379884882199333,0.0665251,0.571376157855275,0.55325127
159,0.06037376685828105,0.06575042,0.5819232324985004,0.55701137
160,0.06506285564526768,0.06333619,0.581094165541973,0.5647704
161,0.06328236223244008,0.0654957,0.5795719161035007,0.56624824
162,0.06377166023832359,0.0649251,0.5753177467959008,0.5662373
163,0.07615358371519854,0.065173894,0.5822630218365047,0.56376225
164,0.07468569241586284,0.073025174,0.5720014001386644,0.5677822
165,0.06803941296449964,0.074551836,0.5627047271536196,0.5619625
166,0.06803941296449964,0.07125772,0.5645803710951899,0.55502754
167,0.07660210835967887,0.07032486,0.5692830854346305,0.55442595
168,0.08225620838069908,0.07522223,0.5671763249402939,0.55684614
169,0.0820795111291501,0.0802441,0.5722731650103576,0.5559389
170,0.08337070653609419,0.08196657,0.5748012615655049,0.55918616
171,0.08005435987885798,0.08360639,0.5798300771692575,0.56147385
172,0.07914372581216395,0.08209808,0.5795583122975644,0.56539786
173,0.07695548247541656,0.081126556,0.5767040315695066,0.56624264
174,0.07335372364751558,0.07935488,0.5534081370771732,0.56486815
175,0.07611281171295278,0.076479,0.5244444558492848,0.54966515
176,0.08135915909173844,0.07724858,0.48217465404661153,0.52753985
177,0.08198436060040742,0.08065566,0.48625212610266266,0.49411288
178,0.08448522507884962,0.08215683,0.5330071308571037,0.48761016
179,0.08614339840746771,0.08440434,0.5569283084075474,0.5141451
180,0.0838056464028411,0.086231485,0.5564390321481814,0.53492004
181,0.08796466518169849,0.085421346,0.549480153301641,0.5408638
182,0.08394154990562663,0.08789699,0.5272579224412188,0.5391872
183,0.07756709920635213,0.08605613,0.5462996884006728,0.52492166
184,0.06835201371883415,0.081586465,0.5383758187074592,0.5339671
185,0.06682976428036186,0.07430027,0.5306014372947645,0.5298917
186,0.06760449348511302,0.07084585,0.5558001846996982,0.52445763
187,0.0755147784005932,0.069873475,0.5549167827097091,0.5393648
188,0.07639824291182046,0.07438699,0.5621882405640665,0.5417019
189,0.08396873848929637,0.076328084,0.5719741898084771,0.54784125
190,0.08099218117006443,0.08197506,0.561019385628692,0.55576336
191,0.09329255928329044,0.08194784,0.5623649378156154,0.55086577
192,0.09322459733821753,0.090007305,0.5691879349058877,0.55125916
193,0.09633707854759532,0.09242389,0.5847910341238961,0.5555076
194,0.09077811002711486,0.09555253,0.58668028323056,0.5664715
195,0.0923411532143506,0.09311337,0.597730239298245,0.5703682
196,0.09231396463068087,0.09350985,0.5841522695840113,0.5790741
197,0.09115867272652228,0.09346988,0.5809854098481367,0.57261753
198,0.09437988924237611,0.092738196,0.5778321552773558,0.56985104
199,0.0926401691909517,0.09457465,0.564920160433194,0.56692415
200,0.09198775871125267,0.09400292,0.5374787707776559,0.55779475
201,0.09003058979339373,0.09352334,0.5266191157674561,0.5379247
202,0.09107712600371595,0.092114,0.548120995949624,0.52592486
203,0.08921508722723942,0.09231833,0.5601222955650108,0.53580034
204,0.08879375116642885,0.091124505,0.5761875449799534,0.54477876
205,0.09100918444600334,0.09050757,0.5913285782687832,0.55762345
206,0.09436628407728245,0.091666475,0.5829017850172321,0.5707643
207,0.09374108392777078,0.09411756,0.5889636567086898,0.5690634
208,0.10150186017537177,0.094537295,0.5770302157424172,0.5735354
209,0.10348623942341806,0.099734254,0.5860550409471704,0.56683856
210,0.10349982420115145,0.10260097,0.6001767048628301,0.5714981
211,0.10055045410643193,0.10375686,0.5984234217801899,0.5811759
212,0.09993883737549628,0.10239056,0.5928916418433792,0.5824
213,0.09851171807840639,0.10163631,0.6168263824250386,0.5798309
214,0.10161059548184781,0.10041152,0.6281345824670789,0.5947736
215,0.10076792471938403,0.10196535,0.6313829875666025,0.604992
216,0.09703024200133725,0.10184376,0.614706101033364,0.61018133
217,0.1027658873860064,0.09952638,0.6077608273519175,0.60150075
218,0.10383961353915572,0.1024768,0.6188243043169404,0.5957476
219,0.10711518683498877,0.10392576,0.6665579866325896,0.60112804
220,0.1049949054433143,0.10661237,0.6795786542619892,0.6321132
221,0.10449202265969743,0.10616935,0.6828406658857636,0.6469891
222,0.10339108889467541,0.105859175,0.6911178879481973,0.6541382
223,0.10292897947246171,0.10503413,0.7039619412346463,0.6620702
224,0.1025756067158814,0.104461566,0.7030785378855,0.67236507
225,0.104546380798834,0.10401847,0.7064084081583887,0.67453456
226,0.10892286883148611,0.105111964,0.7022765997097187,0.6779173
227,0.11232076221152865,0.10821298,0.7235338397234677,0.6763759
228,0.10636764621390737,0.11138356,0.7435134691080061,0.6896818
229,0.09969419992539205,0.108721584,0.7485694950419461,0.70466626
230,0.09352361331481862,0.1038454,0.7432959577203334,0.71157724
231,0.09274890449742776,0.098289385,0.7489908311027567,0.71082866
232,0.09254501866220904,0.095824,0.767434605883729,0.7149147
233,0.09076452524938144,0.09464065,0.7570370195210224,0.7271665
234,0.10307848814034087,0.093033895,0.7254366110866268,0.723432
235,0.08498810650330912,0.100324705,0.7328576401301015,0.70417476
236,0.08294937047528361,0.09097917,0.7267278268809313,0.70512414
237,0.08630649185308037,0.087247685,0.7542371580941821,0.70030165
238,0.08823649257462982,0.08772373,0.7511519279897123,0.71629894
239,0.08848115177125168,0.08884327,0.7609106669039356,0.71711123
240,0.09149846206452653,0.089385554,0.7752361554927333,0.72424245
241,0.09217804074053504,0.09154831,0.7645804080642699,0.73456484
242,0.1011892607801946,0.092670105,0.7702752814466931,0.7304307
243,0.10423378004449946,0.09884026,0.7674482110488228,0.73393524
244,0.10547061867146434,0.10271189,0.7559497099492971,0.7327438
245,0.1096024475074946,0.105004735,0.7753313073806332,0.7257057
246,0.1111926588910398,0.10854457,0.7711858937668695,0.73629963
247,0.1093034315308935,0.110736154,0.75792050441961,0.7352834
248,0.1060278568759031,0.11037361,0.766605540286359,0.7275858
249,0.10757729625720253,0.10829571,0.7627863108455059,0.73155636
250,0.10586476478944784,0.108632654,0.7729799909856335,0.7294624
251,0.09760108537086967,0.107524306,0.7559361047842035,0.7355076
252,0.09251783007853928,0.101952545,0.7525790255402847,0.72606725
253,0.09397213795929896,0.09699334,0.7224465301517424,0.7226217
254,0.09327897450555703,0.096110456,0.7465850954065396,0.70280606
255,0.08791028665520162,0.095129736,0.7475773373581207,0.71368414
256,0.08267754308235228,0.091395006,0.7708597095939591,0.7150063
257,0.08618417176887089,0.08691007,0.7639008293882613,0.7300183
258,0.08723070797919313,0.087558135,0.7550527027942143,0.72866833
259,0.08570845854072082,0.08816762,0.7555555842186739,0.7239337
260,0.08218824643562617,0.0874289,0.7537071492481338,0.72342587
261,0.07921168775723683,0.08502157,0.7544546694818548,0.72189426
262,0.08214747307422302,0.08235416,0.7532177900801694,0.7219988
263,0.07819231974322408,0.083245724,0.7700849790300505,0.72115785
264,0.08081550430587575,0.080864176,0.7955963068019584,0.7313534
265,0.07899421850344207,0.08183979,0.7889364847067397,0.748754
266,0.07675161702755812,0.08086791,0.7710228016804143,0.74850184
267,0.07623513043800487,0.079196736,0.7181515467080187,0.73876315
268,0.07116547895161082,0.07830547,0.713802226871676,0.7046274
269,0.0723207708557694,0.07473154,0.7122528500116149,0.69494516
270,0.07599049162874327,0.07430425,0.6786680419418127,0.6898482
271,0.07338091223118534,0.07629569,0.6774583728703145,0.6668681
272,0.07707782158782894,0.07524148,0.6919877676816912,0.66109926
273,0.08493374972332995,0.07736766,0.6921916752634274,0.66742575
274,0.08477063724951436,0.082934305,0.6431532548969786,0.6680753
275,0.08255522435730017,0.084651925,0.6583622283843638,0.6375569
276,0.08971796865169893,0.08408092,0.627346248097234,0.64104563
277,0.09624192801885267,0.088528305,0.6331906070418616,0.61999834
278,0.09720693925288623,0.09397464,0.6295073449841897,0.6192516
279,0.09720693925288623,0.09648555,0.633924606378245,0.6153034
280,0.10102616733458195,0.0975606,0.662956187029968,0.61694336
281,0.10422017487940577,0.10044949,0.663160093252547,0.63528055
282,0.10078150949711745,0.10340198,0.6695752765385041,0.6391058
283,0.10370371003637019,0.10226247,0.6452463273176231,0.645046
284,0.10343188264343883,0.10394762,0.7159225096225078,0.63125646
285,0.10252122818938453,0.10422432,0.6502072842722617,0.6732789
286,0.097682632093676,0.103817016,0.6336391534328595,0.63956
287,0.10014270282335475,0.10064323,0.6027726600670914,0.6249981
288,0.09950391789610968,0.10122876,0.5741896230880517,0.6005734
289,0.09704382677907067,0.1008289,0.5812436538224919,0.5759149
290,0.09477403536035961,0.09918013,0.5348556066023645,0.5734699
291,0.09542644584005863,0.09723366,0.5157866303127232,0.5411612
292,0.1022901741578563,0.09696954,0.5075909128392179,0.5213057
293,0.10503567744556008,0.10114382,0.5190214316063104,0.50931084
294,0.10439687213095472,0.10415075,0.537152585245588,0.5123604
295,0.10015630798844843,0.10489666,0.5415834110300164,0.5237501
296,0.11963303556116694,0.102596655,0.560638782154564,0.52915233
297,0.11751275281033513,0.1143351,0.5783078277307852,0.543293
298,0.11851851701841154,0.11638725,0.5659395284472069,0.55808693
299,0.12583078900889244,0.118296534,0.5793952188519518,0.55422896
300,0.12210669106857908,0.12368788,0.6128304570917938,0.56308526
301,0.12417261568027432,0.12299146,0.603914387580877,0.5862492
302,0.1202854256535057,0.124397844,0.6054094280483192,0.5860463
303,0.12095141955178079,0.122297116,0.6069181552302962,0.58860415
304,0.12530071900076317,0.12216543,0.6070268280155341,0.59035486
305,0.12956847172693925,0.12480225,0.6033435659578622,0.5910255
306,0.13016650503929883,0.12832119,0.6393883618487445,0.589027
307,0.13246348368252225,0.12992051,0.6409786357535279,0.61169577
308,0.12769282914452634,0.13208453,0.6372816842630064,0.6173625
309,0.11403329367928333,0.12976027,0.6340876984647001,0.6177194
310,0.11715935966639451,0.12043402,0.6173156600435618,0.61640924
311,0.12025823571067862,0.11952494,0.6138634302709002,0.6056205
312,0.12258240429672917,0.12070133,0.6127896429556701,0.6011692
313,0.12237851846151043,0.12249008,0.6120557278870427,0.59889954
314,0.11907577561021054,0.123004094,0.6265715175333256,0.59761494
315,0.11506626549923243,0.121163785,0.6316819627684831,0.6064324
316,0.11369350434127906,0.118074976,0.6366429210822789,0.61142355
317,0.11741760228159243,0.11615617,0.6329052383642322,0.61617243
318,0.1162351421811244,0.11777509,0.6127489103689876,0.6151874
319,0.1197145809248159,0.1173973,0.6027455326455026,0.6025238
320,0.11388378501140406,0.119609155,0.6053278813255127,0.59350127
321,0.11558273170142536,0.116534516,0.6141624041136233,0.59243155
322,0.10833844068422027,0.116815336,0.6265987278635129,0.5971509
323,0.10476385005262873,0.11209755,0.644702713306481,0.6059099
324,0.10729188408653778,0.108401135,0.6405164855565937,0.6195087
325,0.10797146276254627,0.10864219,0.6595310833197382,0.6202539
326,0.11018687565476049,0.108936876,0.6660958364356553,0.63339156
327,0.10590553815085102,0.11046341,0.6592321094770148,0.64038265
328,0.1055793322314228,0.10822707,0.6658375938204574,0.63836294
329,0.11056745874152812,0.107428774,0.6586204709995618,0.6427518
330,0.10515799752976956,0.11023538,0.6490384293368873,0.63908106
331,0.10199115818125523,0.10757324,0.6707034002463532,0.6326193
332,0.10568806753789883,0.10491066,0.6562283418275955,0.64484537
333,0.10752293811806596,0.10631781,0.6605368475278145,0.63777554
334,0.11637104568390993,0.10774833,0.6623445499116721,0.63984483
335,0.11283724880108187,0.11390248,0.6721848355487018,0.64108086
336,0.11627591554252753,0.11359661,0.6880190513194765,0.6476217
337,0.1140876708466228,0.1160432,0.6960788449028359,0.65899396
338,0.1259123357316988,0.11536132,0.7030649340795635,0.6667547
339,0.1274074169738616,0.122823626,0.7159225096225078,0.67347467
340,0.12989465725900717,0.12597844,0.7057968525895341,0.68345493
341,0.13031601234802065,0.12892973,0.7127149172999506,0.6796553
342,0.13711179910810573,0.13027419,0.7100102077610103,0.68402153
343,0.1421406772330966,0.13518442,0.6957390555648316,0.68311787
344,0.14349983458511362,0.13993904,0.7034862687812169,0.67436624
345,0.14696568991022907,0.14249632,0.6908189127463168,0.6775557
346,0.14905878407739115,0.14576411,0.6768060031653361,0.66973555
347,0.1412708178869631,0.14822108,0.6705946445525168,0.6595713
348,0.13947672066819916,0.14411102,0.7488685531524252,0.65319055
349,0.14256201329390716,0.14189786,0.781841641195333,0.70002156
350,0.13832144915140088,0.14299956,0.7648114417084377,0.72875684
351,0.14170573736634967,0.14046587,0.7642406187262656,0.726596
352,0.13988447195127635,0.14198186,0.7481889744764166,0.7282115
353,0.14875976810079006,0.14113902,0.7683860323400292,0.71892923
354,0.14534828994301413,0.14668815,0.7762691286718396,0.7298561
355,0.14216786717592372,0.14609158,0.807964687634978,0.7362646
356,0.14666667393362798,0.14418605,0.8217736896342221,0.75745326
357,0.14254842851617378,0.14649858,0.8281617468577477,0.77021915
358,0.14348623077917727,0.14439808,0.817274882876518,0.77783763
359,0.15482161804573008,0.14451194,0.8182806457254371,0.77377963
360,0.15669724159994003,0.1517368,0.7973632779582908,0.77446353
361,0.15482161804573008,0.15506792,0.8003262301124291,0.76192355
362,0.1531906333007817,0.15525703,0.8017805393523461,0.76164436
363,0.14011552598280452,0.15447019,0.8075976893259436,0.76179147
364,0.13775060578186843,0.14580595,0.7993748036561289,0.765257
365,0.12622493648603328,0.14168957,0.8095005422385438,0.7609149
366,0.1278831098146514,0.13257484,0.8151409963197498,0.76651186
367,0.11565069364649827,0.13070986,0.8240570644715094,0.770688
368,0.13113149452681472,0.12183182,0.8204281374472989,0.7771211
369,0.1162351421811244,0.12900944,0.8347672312011902,0.7763938
370,0.12198437234352699,0.12114047,0.8302140866917097,0.7853707
371,0.12733945502878868,0.122875914,0.8421746550795711,0.7842556
372,0.1282228991526556,0.12640893,0.838504913919237,0.79184294
373,0.12106013447089659,0.12808284,0.8401223138864519,0.79102844
374,0.1186816091048668,0.12420003,0.8360584469954946,0.79238033
375,0.10045532396504953,0.12161035,0.8400000372952776,0.7902622
376,0.09557593412057758,0.108946405,0.8413727984532311,0.79239297
377,0.09368670540127394,0.10187471,0.8281345365275604,0.7935073
378,0.11544682819863983,0.09783398,0.82450560950335,0.78589904
379,0.11569146700790145,0.110055365,0.8300237856342243,0.78251153
380,0.11338090358694458,0.11374107,0.8231736624815202,0.7847928
381,0.12322120961133448,0.114089146,0.8275909238755755,0.78077054
382,0.13308868519119127,0.12071194,0.8124771009169331,0.78281176
383,0.1390553846073886,0.12897946,0.822833873143516,0.7737926
384,0.1449133500762672,0.13560557,0.8252939438731949,0.7785278
385,0.14125721272186942,0.14180245,0.818199100361788,0.7802702
386,0.13780496256184765,0.14165065,0.8338022824883948,0.77647233
387,0.14620454548321132,0.13972059,0.8023785713055482,0.7853302
388,0.15126061219187198,0.14453049,0.792048925141397,0.7676773
389,0.1476724381417044,0.14907691,0.8145973823086077,0.75879985
390,0.13969418992199395,0.14838801,0.8249948871218731,0.7698511
391,0.14672103207276455,0.143348,0.8250220960929032,0.77731675
392,0.15075773076741245,0.14636157,0.8386952163358796,0.77919114
393,0.154889579990803,0.14954802,0.8419843540220858,0.78828347
394,0.1606116215695358,0.15332066,0.854909952672184,0.79202294
395,0.17762827705341822,0.15833665,0.8534964589275478,0.8010054
396,0.18087666176558148,0.17102109,0.8660550606277688,0.8020674
397,0.1694053709962432,0.17709737,0.8768875868572223,0.8103924
398,0.16752972705467295,0.17215978,0.8693170708923861,0.8184614
399,0.1557866088924033,0.16989826,0.8617329497624562,0.8159417
400,0.1563030954819566,0.16133732,0.8597893642631733,0.81169826
401,0.16478424415432946,0.15903553,0.8519606043239819,0.8098617
402,0.15711859804811085,0.16337292,0.8528168802515395,0.8046845
403,0.1645939634842044,0.15956742,0.8580904175731521,0.80421585
404,0.154712882739254,0.16358666,0.8659326997688388,0.8069669
405,0.14627250742828424,0.15818308,0.8641794166861987,0.81202465
406,0.14049608868221192,0.1513819,0.8647638434743072,0.8119956
407,0.1412028559418902,0.14537716,0.8576282673762179,0.8126861
408,0.15071695740600927,0.1436574,0.8521645119057182,0.8086255
409,0.1534488568877767,0.14893056,0.853632342042973,0.8047496
410,0.15783894872636517,0.15215966,0.8752973129524391,0.8047394
411,0.16678220682095185,0.15626086,0.88372410620399,0.81734514
412,0.17243628645461173,0.16342977,0.8958613704842433,0.82439435
413,0.17424396845110907,0.16938446,0.8861298405410498,0.8334881
414,0.1733469191621484,0.1726757,0.8780564431517539,0.82983947
415,0.18769963846849363,0.17338403,0.8863880845154053,0.82517195
416,0.18174652247087242,0.18306237,0.8934692399531197,0.8292739
417,0.18385322044397084,0.18200962,0.8942575756821218,0.8338712
418,0.1670676189916166,0.18364227,0.8966361010481516,0.8353323
419,0.16989466900212669,0.17319527,0.8969758903861558,0.83733094
420,0.1714848803856719,0.17211145,0.9006184212163026,0.8380394
421,0.17533129841019474,0.17222945,0.9024125197942239,0.8404785
422,0.16111450299399532,0.1746811,0.896880738498256,0.842041
423,0.12203872912350616,0.1662394,0.8908324719718921,0.8392427
424,0.13342847452919554,0.13875249,0.8916344115068304,0.83538526
425,0.14775400389271365,0.13759647,0.8914033778626627,0.8351065
426,0.1425755980716406,0.1448591,0.8816853701759644,0.83467895
427,0.14065920115602748,0.14358564,0.8846347171650091,0.82881874
428,0.14544342008439648,0.14249758,0.8886714579935349,0.82955796
429,0.14907236749596725,0.14521576,0.8816038234531582,0.8316813
430,0.1466122967662885,0.14823632,0.8842813240210685,0.82781935
431,0.14731906402596673,0.1476614,0.8975739223393582,0.8288737
432,0.1486646366002503,0.14811178,0.9006863627740154,0.83664685
433,0.13946313589046577,0.14906116,0.895643942005169,0.8397556
434,0.13887868735583964,0.1434167,0.8977913508184323,0.8377745
435,0.147849134034096,0.1414343,0.8997757504538388,0.8389974
436,0.14994222820125808,0.1462953,0.9022494263486114,0.8403021
437,0.14844716734645558,0.14894673,0.9245803721281494,0.842044
438,0.14050969248814826,0.14905767,0.9186136509654343,0.85549647
439,0.13035678570942383,0.14415325,0.9180428293424197,0.85431296
440,0.12032619765575148,0.13617927,0.8855318085878476,0.8546636
441,0.1096024475074946,0.12709449,0.900958210554307,0.83578897
442,0.11380223828859781,0.11707127,0.8867142686883156,0.8418826
443,0.10924907339175693,0.11625832,0.886823024382152,0.83337843
444,0.10029221149123396,0.11256634,0.8985117436305645,0.8322179
445,0.11626231037743384,0.10572583,0.9105131275137073,0.8384118
446,0.10843357082560262,0.11367425,0.9058647495668855,0.8462646
447,0.1137342763435249,0.110690355,0.9128236284134257,0.8451328
448,0.12031261423717543,0.11360416,0.9257628322286175,0.8495549
449,0.11881753299501263,0.118534386,0.9460958561162538,0.8578448
450,0.11910296419388028,0.119177945,0.9475229550259834,0.87124485
451,0.11332654544780801,0.11981957,0.9385660713789428,0.8747553
452,0.11785254214833935,0.11634182,0.9616038048055193,0.8710936
453,0.11127420561384616,0.118200466,0.9787427599862508,0.8842791
454,0.11474006093896155,0.11434809,0.9791913050180916,0.8960661
455,0.1099694254291686,0.11550355,0.9904179583373256,0.89895695
456,0.09772340545507915,0.1126058,0.9896432277734171,0.90674317
457,0.09731567455936227,0.10398562,0.9859599643565877,0.90791494
458,0.09874277346909191,0.10098155,1.0,0.9066459
459,0.09874277346909191,0.10049464,0.9963302588396659,0.914732
460,0.09611960929380056,0.10017823,0.9932993651278148,0.9139204
461,0.10045532396504953,0.09841772,0.9963982833059768,0.9126551
462,0.08935101111738525,0.10063778,0.981841678164413,0.9143643
463,0.0957118580107234,0.094153516,0.9860415110793939,0.9063531
464,0.09333333264469362,0.096332446,0.9795039669345069,0.90770805
465,0.09196059051494318,0.095126584,0.970914082955658,0.90377206
466,0.08872578922135593,0.093986064,0.9573089042703942,0.89828515
467,0.08868501721911015,0.09153694,0.9636969601347622,0.8894289
468,0.08765206442736398,0.09069259,0.9637512965273813,0.89136493
469,0.0957118580107234,0.08963944,0.9537343136388026,0.89105725
470,0.09364593339902813,0.09437913,0.9655181847751151,0.88520193
471,0.09378185728917396,0.09446484,0.991478140487462,0.8910095
472,0.10057764404925901,0.0948391,0.9875229463817425,0.90631247
473,0.09507305269611804,0.099279106,0.9704112015311983,0.9065828
474,0.09613319271237664,0.09713138,0.9646619088475576,0.8978054
475,0.0955351607591744,0.09738852,0.9075229636702242,0.89340776
476,0.09149846206452653,0.09696975,0.9258715879224539,0.85919535
477,0.09488277066683565,0.09427395,0.9198776577887089,0.8641805
478,0.09928644864231487,0.09558376,0.8928984183301047,0.8593106
479,0.10986069012269256,0.098635875,0.8948964217714479,0.8425455
480,0.11667006166051103,0.10636625,0.8786136609688324,0.8406002
481,0.11188582234478173,0.11323888,0.9192252894428876,0.82945967
482,0.10530750483849144,0.11269479,0.923058122689677,0.8510512
483,0.10654434346545633,0.108716086,0.9014883023089539,0.8559033
484,0.107631673424542,0.10825256,0.861393160424452,0.8451247
485,0.11513422744430535,0.1085509,0.8568128069439414,0.820171
486,0.11792048370605196,0.11339773,0.8297112052672502,0.81268334
487,0.11354399567339984,0.11668338,0.8625620153598264,0.7934979
488,0.11665647688277758,0.11516556,0.8669792767538818,0.809042
489,0.09629630654534951,0.11689561,0.8804485723237203,0.8128878
490,0.09936799400596386,0.10432455,0.8855589346502792,0.822117
491,0.10746856095072643,0.102583066,0.9125246532115452,0.82693934
492,0.1012979947275133,0.10652054,0.9197689850034709,0.84413475
493,0.10272511402460321,0.10367437,0.9126877452980005,0.85153365
494,0.10447841885376108,0.10399152,0.9130275346360048,0.84973055
495,0.10379884017775254,0.10507374,0.8945430286275073,0.85036695
496,0.10455996421741004,0.10496643,0.8887666098814349,0.8397307
497,0.11278287027458506,0.105478026,0.872524661855786,0.8347403
498,0.11238872415660156,0.11086415,0.8631193160855033,0.8237568
499,0.10310567672401066,0.112260744,0.858620509327799,0.8159724
500,0.09693509147259458,0.10705847,0.8844716250785538,0.8112482
501,0.10042813538137976,0.1016433,0.891756689457162,0.8251504
502,0.10010193082110894,0.101917624,0.8995039026735472,0.8313085
503,0.09781855598382183,0.10147509,0.8953041526671648,0.8376101
504,0.09552157598144098,0.09991911,0.8971117721424238,0.8366622
505,0.0958477819008692,0.09799334,0.8855045982576604,0.8380407
506,0.09503227933471489,0.097534455,0.9048318592963773,0.8314832
507,0.10219504401647395,0.09676567,0.8973292835300966,0.84191084
508,0.09660890594052665,0.10105728,0.886700663523222,0.8388586
509,0.09708459878131648,0.09877233,0.882310612459354,0.8327058
510,0.09607883593239738,0.098617576,0.8934964502833072,0.8290616
511,0.09738361611707491,0.09780778,0.9005912122452726,0.83467185
512,0.09851171807840639,0.09835907,0.8997485414828088,0.8394773
513,0.1021542706550708,0.09919908,0.8939586004802413,0.84005964
514,0.10741420281158987,0.10180229,0.8861434457061435,0.83709955
515,0.10290181127615222,0.105991155,0.9008359326039754,0.8321173
516,0.10163778406551754,0.1045305,0.9018280916469581,0.83979166
517,0.10326876881046593,0.10351546,0.892341199153869,0.84130317
518,0.10010193082110894,0.1041582,0.8715732353994858,0.8363954
519,0.10305129955667114,0.10226034,-1.0,-1.0
520,0.10389399070649524,0.10360045,-1.0,-1.0
521,0.10453279602110055,0.10444863,-1.0,-1.0
522,0.11378865487002171,0.1051879,-1.0,-1.0
523,0.1129731523038674,0.11136762,-1.0,-1.0
524,0.11388378501140406,0.11275617,-1.0,-1.0
525,0.11747195906157165,0.11409847,-1.0,-1.0
526,0.12811416384617957,0.11687632,-1.0,-1.0
527,0.13160720775496476,0.12456982,-1.0,-1.0
528,0.12579001700664666,0.12926143,-1.0,-1.0
529,0.1304791057936333,0.12737039,-1.0,-1.0
530,0.12762486719945348,0.13008752,-1.0,-1.0
531,0.12156303628271642,0.12894212,-1.0,-1.0
532,0.12375128097862109,0.12485313,-1.0,-1.0
533,0.11604486015184201,0.124991715,-1.0,-1.0
534,0.11658851493770472,0.119873814,-1.0,-1.0
535,0.1131634329739924,0.11870988,-1.0,-1.0
536,0.10651715488178659,0.1159102,-1.0,-1.0
537,0.10786272745607017,0.11076589,-1.0,-1.0
538,0.1115596368127138,0.10994138,-1.0,-1.0
539,0.10852872271350261,0.11176855,-1.0,-1.0
540,0.10450560743743081,0.11034179,-1.0,-1.0
541,0.10843357082560262,0.107465126,-1.0,-1.0
542,0.11207612340226702,0.10902525,-1.0,-1.0
543,0.1121168967636702,0.111641645,-1.0,-1.0
544,0.11059462693783761,0.112534896,-1.0,-1.0
545,0.10822970537774418,0.1119868,-1.0,-1.0
546,0.11107034016598771,0.11035846,-1.0,-1.0
547,0.11662928829910785,0.11163337,-1.0,-1.0
548,0.11876317485587606,0.11546318,-1.0,-1.0
549,0.16070677209827844,0.11804845,-1.0,-1.0
550,0.16757050041607613,0.14591818,-1.0,-1.0
551,0.16504246638216713,0.15880232,-1.0,-1.0
552,0.16532789894019218,0.16253625,-1.0,-1.0
553,0.1642405689811065,0.1645942,-1.0,-1.0
554,0.1568195807123524,0.16463564,-1.0,-1.0
555,0.15840979345505496,0.15992066,-1.0,-1.0
556,0.15669724159994003,0.15959002,-1.0,-1.0
557,0.15544681955439904,0.15814292,-1.0,-1.0
558,0.1604893014853263,0.15692273,-1.0,-1.0
559,0.161834855031407,0.15978506,-1.0,-1.0
560,0.15537885760932618,0.16144319,-1.0,-1.0
561,0.15736323549821507,0.15794054,-1.0,-1.0
562,0.15691471221289216,0.15831985,-1.0,-1.0
563,0.14916751938386724,0.15793687,-1.0,-1.0
564,0.14303772652205726,0.15283677,-1.0,-1.0
565,0.14882773004586297,0.14739265,-1.0,-1.0
566,0.14504927396641304,0.14923915,-1.0,-1.0
567,0.14769962672537418,0.14702697,-1.0,-1.0
568,0.14492695388220356,0.14820006,-1.0,-1.0
569,0.14173292595001946,0.14665774,-1.0,-1.0
570,0.14426095998392846,0.14420708,-1.0,-1.0
571,0.1367584059641651,0.14502503,-1.0,-1.0
572,0.14176011589284654,0.14028552,-1.0,-1.0
573,0.1353856638344147,0.1421476,-1.0,-1.0
574,0.14401632117466684,0.13833295,-1.0,-1.0
575,0.14216786717592372,0.14284922,-1.0,-1.0
576,0.14818892337210027,0.14278847,-1.0,-1.0
577,0.14976555133706942,0.1468897,-1.0,-1.0
578,0.1493306114703225,0.14912114,-1.0,-1.0
579,0.14663948534995824,0.14971353,-1.0,-1.0
580,0.14653075004348215,0.1482802,-1.0,-1.0
581,0.14423377140025873,0.14781143,-1.0,-1.0
582,0.14385320870085128,0.1461018,-1.0,-1.0
583,0.14915393460613385,0.14532457,-1.0,-1.0
584,0.15501190007501242,0.14841893,-1.0,-1.0
585,0.15687393885148898,0.15306196,-1.0,-1.0
586,0.15550119672173857,0.1558096,-1.0,-1.0
587,0.15217126528676894,0.15600647,-1.0,-1.0
588,0.15433232139900394,0.15407349,-1.0,-1.0
589,0.15149168661076046,0.15490016,-1.0,-1.0
590,0.15902141018599059,0.15318553,-1.0,-1.0
591,0.15903499360456663,0.15758757,-1.0,-1.0
592,0.15317702949484535,0.1587979,-1.0,-1.0
593,0.16274550812630395,0.1556275,-1.0,-1.0
594,0.1640638921169178,0.1609673,-1.0,-1.0
595,0.16434930428758254,0.16318175,-1.0,-1.0
596,0.16099218426894318,0.16430731,-1.0,-1.0
597,0.15826028478717574,0.16261739,-1.0,-1.0
598,0.15826028478717574,0.16042188,-1.0,-1.0
599,0.15071695740600927,0.15967898,-1.0,-1.0
600,0.1491811028024433,0.15446186,-1.0,-1.0
601,0.14509004732781622,0.15191703,-1.0,-1.0
602,0.14920829138611302,0.14824963,-1.0,-1.0
603,0.14597349145168315,0.14968085,-1.0,-1.0
604,0.14722391349722408,0.14782073,-1.0,-1.0
605,0.1479578693405721,0.14816912,-1.0,-1.0
606,0.15978253422564803,0.1486497,-1.0,-1.0
607,0.16266394101613735,0.15641779,-1.0,-1.0
608,0.1595650649718533,0.1605758,-1.0,-1.0
609,0.15552836491804806,0.16023001,-1.0,-1.0
610,0.14738702597103964,0.15777197,-1.0,-1.0
611,0.1514101208597512,0.15176065,-1.0,-1.0
612,0.1749371509330539,0.15243487,-1.0,-1.0
613,0.17326537243934215,0.16746126,-1.0,-1.0
614,0.1694733329413161,0.17080632,-1.0,-1.0
615,0.1678287430312741,0.17022826,-1.0,-1.0
616,0.16608902433900702,0.16923122,-1.0,-1.0
617,0.1717431230008698,0.16773783,-1.0,-1.0
618,0.17041115423252257,0.17087881,-1.0,-1.0
619,0.17390417911310485,0.17084298,-1.0,-1.0
620,0.17094122559980918,0.17329244,-1.0,-1.0
621,0.1705062857330623,0.17210321,-1.0,-1.0
622,0.1687257923202347,0.17162162,-1.0,-1.0
623,0.16830445625942414,0.17026855,-1.0,-1.0
624,0.1693238242734369,0.1695719,-1.0,-1.0
625,0.17507305443583943,0.16995732,-1.0,-1.0
626,0.18068638109545648,0.17375384,-1.0,-1.0
627,0.18016989450590326,0.1785147,-1.0,-1.0
628,0.1790553963505081,0.17977872,-1.0,-1.0
629,0.1778321425012766,0.17970721,-1.0,-1.0
630,0.1827930790685549,0.1789654,-1.0,-1.0
631,0.18021066786730638,0.18194845,-1.0,-1.0
632,0.18638125311872245,0.18108012,-1.0,-1.0
633,0.18390757722395001,0.18501404,-1.0,-1.0
634,0.18688413590233938,0.18450077,-1.0,-1.0
635,0.1882568766729324,0.18651348,-1.0,-1.0
636,0.1870336432110612,0.18796326,-1.0,-1.0
637,0.18981991986016816,0.18769346,-1.0,-1.0
638,0.1892898498520389,0.18951964,-1.0,-1.0
639,0.1870336432110612,0.18968304,-1.0,-1.0
640,0.1940469005840984,0.18837151,-1.0,-1.0
641,0.20459397522732398,0.19257225,-1.0,-1.0
642,0.20180767683169937,0.20054568,-1.0,-1.0
643,0.19987767611014995,0.20124392,-1.0,-1.0
644,0.19982331933017072,0.20068094,-1.0,-1.0
645,0.20608901433560883,0.2005408,-1.0,-1.0
646,0.20748894504902904,0.20452134,-1.0,-1.0
647,0.2030445154586643,0.20654403,-1.0,-1.0
648,0.20406388347267707,0.20447002,-1.0,-1.0
649,0.20804620499998544,0.2046947,-1.0,-1.0
650,0.20686374489951742,0.20722888,-1.0,-1.0
651,0.20232416342125265,0.20717803,-1.0,-1.0
652,0.19869521600968193,0.20437317,-1.0,-1.0
653,0.19551479324259147,0.20123495,-1.0,-1.0
654,0.19172273199804785,0.19811082,-1.0,-1.0
655,0.20112809815569088,0.19456999,-1.0,-1.0
656,0.19804282591734312,0.19950183,-1.0,-1.0
657,0.1949031561242956,0.19869038,-1.0,-1.0
658,0.19298675920868252,0.19671702,-1.0,-1.0
659,0.20021746544815416,0.1948871,-1.0,-1.0
660,0.20640163547730367,0.19893071,-1.0,-1.0
661,0.20373769929976648,0.20397684,-1.0,-1.0
662,0.20448521953348764,0.20390782,-1.0,-1.0
663,0.19347605721456596,0.20469233,-1.0,-1.0
664,0.1853618851047097,0.19774191,-1.0,-1.0
665,0.1843153285070272,0.19052994,-1.0,-1.0
666,0.18178729583227554,0.1873901,-1.0,-1.0
667,0.18426095133968767,0.1844125,-1.0,-1.0
668,0.18393476580761975,0.18499249,-1.0,-1.0
669,0.18875977848475223,0.18479617,-1.0,-1.0
670,0.1851716044345847,0.18791214,-1.0,-1.0
671,0.17857968312235806,0.18646471,-1.0,-1.0
672,0.17012572303365486,0.18194608,-1.0,-1.0
673,0.17084607507106653,0.17508371,-1.0,-1.0
674,0.16293578879642895,0.17329329,-1.0,-1.0
675,0.15536527283159274,0.16723965,-1.0,-1.0
676,0.17618757297859483,0.1604928,-1.0,-1.0
677,0.1689160729903597,0.17166123,-1.0,-1.0
678,0.16789670497634696,0.1697958,-1.0,-1.0
679,0.16827726767575435,0.169248,-1.0,-1.0
680,0.17087326365473632,0.1692651,-1.0,-1.0
681,0.17526333646512182,0.17086625,-1.0,-1.0
682,0.16778797102902826,0.17415011,-1.0,-1.0
683,0.16138635077428692,0.17034619,-1.0,-1.0
684,0.15997281625493043,0.16530238,-1.0,-1.0
685,0.16019028550872522,0.16270784,-1.0,-1.0
686,0.16036698276027417,0.16177954,-1.0,-1.0
687,0.15540604619299592,0.1614729,-1.0,-1.0
688,0.15221203864817212,0.15814362,-1.0,-1.0
689,0.15850492359643736,0.15510832,-1.0,-1.0
690,0.1645939634842044,0.15809074,-1.0,-1.0
691,0.17012572303365486,0.16270374,-1.0,-1.0
692,0.17590214177972718,0.16779226,-1.0,-1.0
693,0.1784165910359028,0.1732856,-1.0,-1.0
694,0.18349982594087283,0.17679216,-1.0,-1.0
695,0.1832008099642718,0.1814018,-1.0,-1.0
696,0.1882432932543564,0.18272306,-1.0,-1.0
697,0.1938973919162192,0.1866307,-1.0,-1.0
698,0.19495753329163512,0.19149713,-1.0,-1.0
699,0.19261978128700852,0.19380027,-1.0,-1.0
700,0.1955555652448373,0.19323952,-1.0,-1.0
701,0.19755352927061698,0.1951386,-1.0,-1.0
702,0.1967516101230387,0.1969445,-1.0,-1.0
703,0.19661570662025324,0.19705041,-1.0,-1.0
704,0.18914034118415962,0.1971207,-1.0,-1.0
705,0.1931090779337346,0.19230135,-1.0,-1.0
706,0.19456336678629138,0.19352429,-1.0,-1.0
707,0.19387020333254945,0.19453959,-1.0,-1.0
708,0.1910703419057091,0.19444774,-1.0,-1.0
709,0.1974176053804712,0.19268902,-1.0,-1.0
710,0.20630648494856102,0.19631723,-1.0,-1.0
711,0.20303091029357057,0.20301948,-1.0,-1.0
712,0.20780156619072382,0.20299514,-1.0,-1.0
713,0.2015766431875315,0.20650996,-1.0,-1.0
714,0.2038871862211281,0.20345335,-1.0,-1.0
715,0.19030921786605165,0.20428401,-1.0,-1.0
716,0.18987427799930473,0.19550538,-1.0,-1.0
717,0.1856201086917047,0.19278361,-1.0,-1.0
718,0.19335371674299623,0.18874273,-1.0,-1.0
719,0.20210669416745786,0.19244203,-1.0,-1.0
720,0.2036969259383633,0.19897112,-1.0,-1.0
721,0.20460753825853972,0.20208624,-1.0,-1.0
722,0.21726128912834608,0.20396851,-1.0,-1.0
723,0.21443426086435358,0.21292391,-1.0,-1.0
724,0.21439348750295045,0.21368676,-1.0,-1.0
725,0.21302072498583974,0.21439727,-1.0,-1.0
726,0.2165545422560281,0.21376555,-1.0,-1.0
727,0.22306491820460572,0.2159156,-1.0,-1.0
728,0.22193679449675663,0.22072735,-1.0,-1.0
729,0.21790009580210878,0.22147328,-1.0,-1.0
730,0.22000681416256745,0.21935932,-1.0,-1.0
731,0.22223581047335778,0.22021015,-1.0,-1.0
732,0.21961264629806637,0.2217694,-1.0,-1.0
733,0.21678557590019598,0.22054043,-1.0,-1.0
734,0.22405707588843116,0.21846709,-1.0,-1.0
735,0.23836900144601292,0.22257312,-1.0,-1.0
736,0.22756372632146737,0.23293342,-1.0,-1.0
737,0.2062385433908484,0.22899768,-1.0,-1.0
738,0.22310569156600896,0.21463643,-1.0,-1.0
739,0.21323819559879187,0.22143583,-1.0,-1.0
740,0.21255861692278338,0.21598499,-1.0,-1.0
741,0.20573566196638882,0.21440117,-1.0,-1.0
742,0.2151274447054558,0.20925832,-1.0,-1.0
743,0.20878016084333345,0.2138245,-1.0,-1.0
744,0.2060754513043931,0.2106619,-1.0,-1.0
745,0.20841320330901975,0.20827794,-1.0,-1.0
746,0.2019707689181547,0.20896526,-1.0,-1.0
747,0.20399594191496445,0.20479168,-1.0,-1.0
748,0.2186340516454568,0.20496897,-1.0,-1.0
749,0.21832143050376196,0.2143075,-1.0,-1.0
750,0.21268093564783547,0.21672112,-1.0,-1.0
751,0.2190146143448642,0.21428522,-1.0,-1.0
752,0.2144750342257568,0.21790232,-1.0,-1.0
753,0.21383622755199405,0.21577592,-1.0,-1.0
754,0.21312948067967608,0.2149579,-1.0,-1.0
755,0.20558613291114936,0.21415898,-1.0,-1.0
756,0.20489294907004713,0.2089603,-1.0,-1.0
757,0.2101800915567536,0.20701157,-1.0,-1.0
758,0.21156641710508012,0.2096033,-1.0,-1.0
759,0.2135643797717024,0.21111088,-1.0,-1.0
760,0.22358136266028106,0.21300434,-1.0,-1.0
761,0.2269520878440141,0.22017229,-1.0,-1.0
762,0.2245056222794291,0.22448193,-1.0,-1.0
763,0.2246279410044812,0.22450954,-1.0,-1.0
764,0.22504927570613442,0.22486863,-1.0,-1.0
765,0.221039745207796,0.22523461,-1.0,-1.0
766,0.22496773034248546,0.2227254,-1.0,-1.0
767,0.2262861143330993,0.22462197,-1.0,-1.0
768,0.2135643797717024,0.2258703,-1.0,-1.0
769,0.20823650605747068,0.21802808,-1.0,-1.0
770,0.20289502853730268,0.2124699,-1.0,-1.0
771,0.20088346070558666,0.20696831,-1.0,-1.0
772,0.20206592080605462,0.20375773,-1.0,-1.0
773,0.1967787987067085,0.2033059,-1.0,-1.0
774,0.20270472612066004,0.19955648,-1.0,-1.0
775,0.20035336895093975,0.20233606,-1.0,-1.0
776,0.20618416622350888,0.20136994,-1.0,-1.0
777,0.2129663478185002,0.20503764,-1.0,-1.0
778,0.21458374778571515,0.2104347,-1.0,-1.0
779,0.2079510531120854,0.21320371,-1.0,-1.0
780,0.21027524208549625,0.20997904,-1.0,-1.0
781,0.2044444461720844,0.21075206,-1.0,-1.0
782,0.20451238772979713,0.20695804,-1.0,-1.0
783,0.19961943349495198,0.20596159,-1.0,-1.0
784,0.20433573125296867,0.20228255,-1.0,-1.0
785,0.20731228993135797,0.20425348,-1.0,-1.0
786,0.2122459957810886,0.20654027,-1.0,-1.0
787,0.21915053823501002,0.21051393,-1.0,-1.0
788,0.22325517848737053,0.21628362,-1.0,-1.0
789,0.216255526279427,0.22081469,-1.0,-1.0
790,0.2225348264499588,0.21785712,-1.0,-1.0
791,0.2158205864126801,0.22140296,-1.0,-1.0
792,0.20497453656757397,0.21782422,-1.0,-1.0
793,0.20619777002944517,0.20994647,-1.0,-1.0
794,0.21058782245247049,0.20835176,-1.0,-1.0
795,0.2178593224407056,0.21028484,-1.0,-1.0
796,0.2176962303542503,0.21546794,-1.0,-1.0
797,0.22574245954723665,0.21696101,-1.0,-1.0
798,0.19870880078741532,0.22295813,-1.0,-1.0
799,0.1918178825267905,0.20708783,-1.0,-1.0
800,0.1973496434353983,0.19851544,-1.0,-1.0
801,0.18976554269282864,0.19875143,-1.0,-1.0
802,0.1956371119676436,0.19331537,-1.0,-1.0
803,0.20311245701637687,0.19563517,-1.0,-1.0
804,0.19994563805522286,0.2008771,-1.0,-1.0
805,0.20267755792435055,0.20042627,-1.0,-1.0
806,0.20396873294393442,0.20239697,-1.0,-1.0
807,0.20598030077565044,0.20376089,-1.0,-1.0
808,0.21069657814630682,0.20553783,-1.0,-1.0
809,0.2118926434118686,0.2091827,-1.0,-1.0
810,0.21708459323595447,0.21108694,-1.0,-1.0
811,0.2146788996736152,0.21522173,-1.0,-1.0
812,0.21136255165722168,0.21493,-1.0,-1.0
813,0.21921847979272263,0.21293074,-1.0,-1.0
814,0.21613320755437487,0.21748337,-1.0,-1.0
815,0.21780494391420874,0.2166162,-1.0,-1.0
816,0.20978592369225252,0.21773997,-1.0,-1.0
817,0.2082092970864407,0.21280043,-1.0,-1.0
818,0.20812775036363435,0.21045445,-1.0,-1.0
819,0.21567109949131852,0.20945527,-1.0,-1.0
820,0.213278968960195,0.21394005,-1.0,-1.0
821,0.21504585720792896,0.21359254,-1.0,-1.0
822,0.2182670941111431,0.21492943,-1.0,-1.0
823,0.21511383954036212,0.21739998,-1.0,-1.0
824,0.21351004337908353,0.21609664,-1.0,-1.0
825,0.21550800604570586,0.21483372,-1.0,-1.0
826,0.21640501455994599,0.215708,-1.0,-1.0
827,0.22869180789543858,0.2164506,-1.0,-1.0
828,0.23440028508379823,0.2247268,-1.0,-1.0
829,0.2258511744663524,0.2308167,-1.0,-1.0
830,0.2216242141297824,0.22742438,-1.0,-1.0
831,0.2272239369834631,0.22411805,-1.0,-1.0
832,0.22477742792584277,0.22664593,-1.0,-1.0
833,0.23030920922181086,0.2255192,-1.0,-1.0
834,0.23533810773416208,0.22897817,-1.0,-1.0
835,0.2304451331119567,0.23318772,-1.0,-1.0
836,0.22402990769212167,0.23136541,-1.0,-1.0
837,0.22392115199828533,0.22694294,-1.0,-1.0
838,0.22018346928023852,0.22554466,-1.0,-1.0
839,0.2221950371119546,0.22243102,-1.0,-1.0
840,0.22964323435173867,0.22278962,-1.0,-1.0
841,0.22961602538070863,0.22758172,-1.0,-1.0
842,0.229806326438194,0.2289203,-1.0,-1.0
843,0.23580021579721844,0.22971736,-1.0,-1.0
844,0.2380156490767929,0.23394774,-1.0,-1.0
845,0.23842337997250973,0.23659807,-1.0,-1.0
846,0.24093782922868534,0.23784435,-1.0,-1.0
847,0.24733944812426933,0.2400041,-1.0,-1.0
848,0.24861706011263734,0.24486063,-1.0,-1.0
849,0.24970436968436283,0.2471594,-1.0,-1.0
850,0.2596670161803225,0.24880672,-1.0,-1.0
851,0.27039074594121904,0.2559392,-1.0,-1.0
852,0.26905879756023204,0.26501113,-1.0,-1.0
853,0.269466528455949,0.26704198,-1.0,-1.0
854,0.27194020435072136,0.26845035,-1.0,-1.0
855,0.2657152405728085,0.27060434,-1.0,-1.0
856,0.26723753214515866,0.2671812,-1.0,-1.0
857,0.26485900677912894,0.2674059,-1.0,-1.0
858,0.2615698283182022,0.26572102,-1.0,-1.0
859,0.2586884201685555,0.26312757,-1.0,-1.0
860,0.26475025108529254,0.26046196,-1.0,-1.0
861,0.2764526176326767,0.26356617,-1.0,-1.0
862,0.26841999224562674,0.2719199,-1.0,-1.0
863,0.26340469889836926,0.26909965,-1.0,-1.0
864,0.261787297571997,0.26559198,-1.0,-1.0
865,0.267699640208215,0.2634339,-1.0,-1.0
866,0.2658511644629543,0.26647437,-1.0,-1.0
867,0.26147467643030214,0.2659409,-1.0,-1.0
868,0.2611484922573916,0.2631249,-1.0,-1.0
869,0.2559293334622757,0.26214147,-1.0,-1.0
870,0.2543391003322128,0.25827083,-1.0,-1.0
871,0.2564050466904258,0.25610715,-1.0,-1.0
872,0.2556303161265172,0.25663906,-1.0,-1.0
873,0.25193340676987364,0.25613296,-1.0,-1.0
874,0.2483588161382821,0.25360647,-1.0,-1.0
875,0.24173972662974602,0.25055182,-1.0,-1.0
876,0.239497125153862,0.24521993,-1.0,-1.0
877,0.24051649316787477,0.24209237,-1.0,-1.0
878,0.24258239739220977,0.24156637,-1.0,-1.0
879,0.23915733581585774,0.24256945,-1.0,-1.0
880,0.246170593188895,0.24057107,-1.0,-1.0
881,0.24655115588830245,0.24467345,-1.0,-1.0
882,0.24138633212664806,0.2459195,-1.0,-1.0
883,0.234209984026313,0.24310812,-1.0,-1.0
884,0.23509342815017992,0.23772515,-1.0,-1.0
885,0.23835543841479717,0.23663843,-1.0,-1.0
886,0.2342779663587461,0.23812227,-1.0,-1.0
887,0.24490654559090003,0.23578578,-1.0,-1.0
888,0.2514849038719109,0.24219714,-1.0,-1.0
889,0.2521101040214226,0.24813105,-1.0,-1.0
890,0.2545021924186681,0.2505394,-1.0,-1.0
891,0.2597349563788777,0.25314614,-1.0,-1.0
892,0.2606184005027447,0.25742963,-1.0,-1.0
893,0.259639847984013,0.25931725,-1.0,-1.0
894,0.25857966447471914,0.25945318,-1.0,-1.0
895,0.257302094620229,0.25892696,-1.0,-1.0
896,0.2547740415581171,0.25796044,-1.0,-1.0
897,0.26579682807033533,0.25601465,-1.0,-1.0
898,0.27647978582898614,0.26266113,-1.0,-1.0
899,0.2765205591903893,0.27135816,-1.0,-1.0
900,0.2823377499387074,0.27414832,-1.0,-1.0
901,0.2757458286264808,0.27929127,-1.0,-1.0
902,0.27933402442316596,0.2765359,-1.0,-1.0
903,0.27732245659144994,0.278463,-1.0,-1.0
904,0.2847570486661404,0.2775036,-1.0,-1.0
905,0.2818892470407448,0.28223842,-1.0,-1.0
906,0.2773088935602342,0.28159148,-1.0,-1.0
907,0.2886034870780235,0.27871808,-1.0,-1.0
908,0.28800545512482134,0.28535897,-1.0,-1.0
909,0.2801903003507235,0.28655675,-1.0,-1.0
910,0.28600749245819895,0.2821543,-1.0,-1.0
911,0.2737614711249521,0.2849209,-1.0,-1.0
912,0.26451921744112467,0.27733815,-1.0,-1.0
913,0.2577234306810396,0.26940134,-1.0,-1.0
914,0.26715598542235236,0.26236984,-1.0,-1.0
915,0.2749303681942044,0.266143,-1.0,-1.0
916,0.27467212421984916,0.27182084,-1.0,-1.0
917,0.2688277231413436,0.27341542,-1.0,-1.0
918,0.27438667127446376,0.2703914,-1.0,-1.0
919,0.2747672339738712,0.27332607,-1.0,-1.0
920,0.2994495369231296,0.27414748,-1.0,-1.0
921,0.2960652473490234,0.2907141,-1.0,-1.0
922,0.3043561167104286,0.29297933,-1.0,-1.0
923,0.29650018857492766,0.30005768,-1.0,-1.0
924,0.30390757031943066,0.29696912,-1.0,-1.0
925,0.3462861291750976,0.3014388,-1.0,-1.0
926,0.33917772127331774,0.3302761,-1.0,-1.0
927,0.3453483065247338,0.33339253,-1.0,-1.0
928,0.3431464376355325,0.34012973,-1.0,-1.0
929,0.34715596813387084,0.3407611,-1.0,-1.0
930,0.34031940801238264,0.3439666,-1.0,-1.0
931,0.3399660135092847,0.34037444,-1.0,-1.0
932,0.34016992109102107,0.3394657,-1.0,-1.0
933,0.33648657476559324,0.3391997,-1.0,-1.0
934,0.31933401577892523,0.3366713,-1.0,-1.0
935,0.3285083279050401,0.3247541,-1.0,-1.0
936,0.3340401078418508,0.32759097,-1.0,-1.0
937,0.32744818652962415,0.33121628,-1.0,-1.0
938,0.3365409519329327,0.32795852,-1.0,-1.0
939,0.3517363216143814,0.33337638,-1.0,-1.0
940,0.3541420559514412,0.34457177,-1.0,-1.0
941,0.35007814828576334,0.34933323,-1.0,-1.0
942,0.3483928054016784,0.34861237,-1.0,-1.0
943,0.3451716092731848,0.34766835,-1.0,-1.0
944,0.35380226661343694,0.34526148,-1.0,-1.0
945,0.3584097896494144,0.3502553,-1.0,-1.0
946,0.36429496408932305,0.35441515,-1.0,-1.0
947,0.3707237511812165,0.35966945,-1.0,-1.0
948,0.3779816460043579,0.36553666,-1.0,-1.0
949,0.38737342874342495,0.37214518,-1.0,-1.0
950,0.38557933152466095,0.3803765,-1.0,-1.0
951,0.3751953911017686,0.3817092,-1.0,-1.0
952,0.3769622779903451,0.3757873,-1.0,-1.0
953,0.37496431532372276,0.3756156,-1.0,-1.0
954,0.3783078723111464,0.37389386,-1.0,-1.0
955,0.3755080122434634,0.37564424,-1.0,-1.0
956,0.37943595524427487,0.37416896,-1.0,-1.0
957,0.3718382697239718,0.3765129,-1.0,-1.0
958,0.3705606590947612,0.37203273,-1.0,-1.0
959,0.3746245259857185,0.37022156,-1.0,-1.0
960,0.38105335521148986,0.37217137,-1.0,-1.0
961,0.379259257992726,0.37674603,-1.0,-1.0
962,0.39055385151051525,0.37683487,-1.0,-1.0
963,0.389507315300193,0.38459104,-1.0,-1.0
964,0.3990350219294059,0.38585743,-1.0,-1.0
965,0.4000136165820154,0.39292032,-1.0,-1.0
966,0.39495754987335485,0.39543262,-1.0,-1.0
967,0.4020115806077952,0.39318857,-1.0,-1.0
968,0.3934352596601619,0.39747947,-1.0,-1.0
969,0.3870336394054207,0.39277354,-1.0,-1.0
970,0.39440029128155574,0.38768458,-1.0,-1.0
971,0.39328577137964305,0.3910123,-1.0,-1.0
972,0.39120626199021435,0.39075842,-1.0,-1.0
973,0.3873870339085186,0.38953573,-1.0,-1.0
974,0.3933673181024493,0.3867457,-1.0,-1.0
975,0.3986544592299984,0.38990512,-1.0,-1.0
976,0.3974176219621909,0.39397073,-1.0,-1.0
977,0.39286443667798976,0.39435142,-1.0,-1.0
978,0.38378527508061755,0.39173934,-1.0,-1.0
979,0.3927013445915345,0.3851683,-1.0,-1.0
980,0.39043153278546316,0.38922778,-1.0,-1.0
981,0.3903363822567205,0.38830075,-1.0,-1.0
982,0.39551476769043326,0.388243,-1.0,-1.0
983,0.4056269024669119,0.39160848,-1.0,-1.0
984,0.4022154460556536,0.3990645,-1.0,-1.0
985,0.39586816219353127,0.39887097,-1.0,-1.0
986,0.37919131643501336,0.395155,-1.0,-1.0
987,0.37739721921624936,0.3832998,-1.0,-1.0
988,0.388474343480244,0.37893504,-1.0,-1.0
989,0.3745701895930996,0.38434982,-1.0,-1.0
990,0.40013593666622493,0.37622124,-1.0,-1.0
991,0.33989807195157207,0.39135283,-1.0,-1.0
992,0.3228542278840199,0.35497382,-1.0,-1.0
993,0.3253007355824829,0.335554,-1.0,-1.0
994,0.32326199955445734,0.32994524,-1.0,-1.0
995,0.3343255186533582,0.3257049,-1.0,-1.0
996,0.3431464376355325,0.33149806,-1.0,-1.0
997,0.3428610254648677,0.3385422,-1.0,-1.0
998,0.34411146925692626,0.34049097,-1.0,-1.0
999,0.32706762383021676,0.3422413,-1.0,-1.0
1000,0.33787294108864024,0.33156425,-1.0,-1.0
1001,0.3380768065364987,0.33599603,-1.0,-1.0
1002,0.33304790802414747,0.33656347,-1.0,-1.0
1003,0.32452600637773166,0.33361375,-1.0,-1.0
1004,0.32781514406393786,0.32731992,-1.0,-1.0
1005,0.32368333561526796,0.32766634,-1.0,-1.0
1006,0.3305062905716624,0.3246104,-1.0,-1.0
1007,0.3393951905271125,0.3283003,-1.0,-1.0
1008,0.341406717584108,0.334917,-1.0,-1.0
1009,0.3418552626159486,0.3381584,-1.0,-1.0
1010,0.3445328039585795,0.339719,-1.0,-1.0
1011,0.3413795493877985,0.34210157,-1.0,-1.0
1012,0.3469792708823219,0.3407289,-1.0,-1.0
1013,0.3584913350130634,0.34421092,-1.0,-1.0
1014,0.35820592420155595,0.35259685,-1.0,-1.0
1015,0.3580700003114101,0.35476416,-1.0,-1.0
1016,0.35599049092198143,0.35579216,-1.0,-1.0
1017,0.3536663427232911,0.3548715,-1.0,-1.0
1018,0.356140019977221,0.35317996,-1.0,-1.0
1019,0.3573224800776891,0.35433206,-1.0,-1.0
1020,0.3603533737895399,0.3553053,-1.0,-1.0
1021,0.3621203041711517,0.35763112,-1.0,-1.0
1022,0.36718993391102817,0.35946906,-1.0,-1.0
1023,0.35966023208231557,0.36343083,-1.0,-1.0
1024,0.35387020817114967,0.3596124,-1.0,-1.0
1025,0.34252123612686347,0.35510623,-1.0,-1.0
1026,0.3306014411004051,0.3462741,-1.0,-1.0
1027,0.3344886107398135,0.3358715,-1.0,-1.0
1028,0.31913015033106684,0.33519578,-1.0,-1.0
1029,0.3124159089346307,0.3242244,-1.0,-1.0
1030,0.31217127148452645,0.31690347,-1.0,-1.0
1031,0.3095616703404509,0.3141607,-1.0,-1.0
1032,0.3185592852150167,0.31120533,-1.0,-1.0
1033,0.31715935450159655,0.31614494,-1.0,-1.0
1034,0.3058239876224041,0.31630957,-1.0,-1.0
1035,0.29138974333977014,0.30917287,-1.0,-1.0
1036,0.28426777240677453,0.29782087,-1.0,-1.0
1037,0.29692152327658083,0.28966567,-1.0,-1.0
1038,0.30336391689272535,0.29505384,-1.0,-1.0
1039,0.28338428614902966,0.30015874,-1.0,-1.0
1040,0.27607205493326925,0.28869504,-1.0,-1.0
1041,0.281753323150599,0.2812098,-1.0,-1.0
1042,0.28198435679476686,0.28221697,-1.0,-1.0
1043,0.2923139608250403,0.2820825,-1.0,-1.0
1044,0.29398573931875205,0.2888696,-1.0,-1.0
1045,0.3020863049043573,0.2917822,-1.0,-1.0
1046,0.2999796273186191,0.29828244,-1.0,-1.0
1047,0.2935371942869115,0.29880401,-1.0,-1.0
1048,0.3106218117158668,0.2950932,-1.0,-1.0
1049,0.26533467923255843,0.30537784,-1.0,-1.0
1050,0.2554807884304351,0.2780592,-1.0,-1.0
1051,0.26064561083293203,0.26499447,-1.0,-1.0
1052,0.26574245090299586,0.26323077,-1.0,-1.0
1053,0.2708528961381534,0.2651739,-1.0,-1.0
1054,0.27101598822460865,0.2689681,-1.0,-1.0
1055,0.2737886393212616,0.27026692,-1.0,-1.0
1056,0.256568138776881,0.27267283,-1.0,-1.0
1057,0.25022085491475865,0.2620793,-1.0,-1.0
1058,0.24425417588592158,0.25517857,-1.0,-1.0
1059,0.2495820496001533,0.24872564,-1.0,-1.0
1060,0.2640162938827872,0.24997787,-1.0,-1.0
1061,0.2664356347440981,0.2593758,-1.0,-1.0
1062,0.25689432294979164,0.26359504,-1.0,-1.0
1063,0.2535915800984917,0.2590753,-1.0,-1.0
1064,0.257003078643628,0.2559635,-1.0,-1.0
1065,0.25572546801441726,0.25704378,-1.0,-1.0
1066,0.2617465242105938,0.2562607,-1.0,-1.0
1067,0.2669385161685576,0.2600561,-1.0,-1.0
1068,0.2668025922784118,0.26445848,-1.0,-1.0
1069,0.27676519664049354,0.26579094,-1.0,-1.0
1070,0.27483521630630436,0.2729675,-1.0,-1.0
1071,0.27393816837650115,0.27371916,-1.0,-1.0
1072,0.2788583111950159,0.27376765,-1.0,-1.0
1073,0.2771865327013041,0.2770797,-1.0,-1.0
1074,0.2721440697985798,0.27686405,-1.0,-1.0
1075,0.26990146832269585,0.27370682,-1.0,-1.0
1076,0.2693442097308968,0.2714014,-1.0,-1.0
1077,0.29216447254452127,0.27022472,-1.0,-1.0
1078,0.3004553405467692,0.284735,-1.0,-1.0
1079,0.2975059514238467,0.29400146,-1.0,-1.0
1080,0.30417941945887966,0.29544055,-1.0,-1.0
1081,0.30797147934426594,0.30085152,-1.0,-1.0
1082,0.2953448966707691,0.304864,-1.0,-1.0
1083,0.2958341729301349,0.29793847,-1.0,-1.0
1084,0.297669043510302,0.2967225,-1.0,-1.0
1085,0.294950728806268,0.29719925,-1.0,-1.0
1086,0.3068569608015105,0.29544574,-1.0,-1.0
1087,0.2968263727478382,0.3028695,-1.0,-1.0
1088,0.2930207484720788,0.29815316,-1.0,-1.0
1089,0.2971525569207487,0.29488063,-1.0,-1.0
1090,0.2929663713047393,0.2964761,-1.0,-1.0
1091,0.29742440470104037,0.29390875,-1.0,-1.0
1092,0.2950458793350106,0.29625744,-1.0,-1.0
1093,0.2935236298965383,0.29517704,-1.0,-1.0
1094,0.29380904206720304,0.29402798,-1.0,-1.0
1095,0.3041522512625702,0.29385713,-1.0,-1.0
1096,0.30477745141208185,0.30052468,-1.0,-1.0
1097,0.31108391977892313,0.30267924,-1.0,-1.0
1098,0.3057288370936614,0.30781057,-1.0,-1.0
1099,0.29249065807658925,0.30579987,-1.0,-1.0
1100,0.30086307144248614,0.29688329,-1.0,-1.0
1101,0.2980768151807394,0.29992896,-1.0,-1.0
1102,0.3229222102164531,0.2983251,-1.0,-1.0
1103,0.33531771847106145,0.31439233,-1.0,-1.0
1104,0.33412165320549975,0.3266968,-1.0,-1.0
1105,0.3361060120661858,0.3301153,-1.0,-1.0
1106,0.33141694366655944,0.33315715,-1.0,-1.0
1107,0.3398572999493263,0.3310963,-1.0,-1.0
1108,0.34135238119148914,0.3362999,-1.0,-1.0
1109,0.3428202521034645,0.3385128,-1.0,-1.0
1110,0.3391505530770083,0.34039092,-1.0,-1.0
1111,0.33978931625773573,0.33865827,-1.0,-1.0
1112,0.2927625058568809,0.33878276,-1.0,-1.0
1113,0.2878695312346755,0.30775535,-1.0,-1.0
1114,0.2873122712837191,0.29651895,-1.0,-1.0
1115,0.29072376982885534,0.29125938,-1.0,-1.0
1116,0.2777845646545063,0.29129204,-1.0,-1.0
1117,0.26972477243030424,0.2825069,-1.0,-1.0
1118,0.27868161394346697,0.27489793,-1.0,-1.0
1119,0.2768739523343299,0.27818644,-1.0,-1.0
1120,0.27900784025025543,0.27733588,-1.0,-1.0
1121,0.2756914922338619,0.2786664,-1.0,-1.0
1122,0.28296295144737643,0.2767939,-1.0,-1.0
1123,0.2850424608368051,0.2811063,-1.0,-1.0
1124,0.28638805379844895,0.28347933,-1.0,-1.0
1125,0.29584777809522855,0.28522804,-1.0,-1.0
1126,0.3052667276714477,0.2920549,-1.0,-1.0
1127,0.3058375927874977,0.3001485,-1.0,-1.0
1128,0.3070608262493689,0.3030779,-1.0,-1.0
1129,0.30787632881552324,0.30518007,-1.0,-1.0
1130,0.3087597729393902,0.30647093,-1.0,-1.0
1131,0.3048589981348882,0.3075191,-1.0,-1.0
1132,0.30306489955696686,0.3053221,-1.0,-1.0
1133,0.3063676424082668,0.30365163,-1.0,-1.0
1134,0.31698265860920494,0.30526704,-1.0,-1.0
1135,0.31881752918937206,0.31256956,-1.0,-1.0
1136,0.31452258652036885,0.3158031,-1.0,-1.0
1137,0.3131906394985392,0.31430793,-1.0,-1.0
1138,0.3177302196176466,0.3132846,-1.0,-1.0
1139,0.3131362609720424,0.31591082,-1.0,-1.0
1140,0.32258242087844885,0.3134997,-1.0,-1.0
1141,0.3231668490257147,0.31925842,-1.0,-1.0
1142,0.31767584109114977,0.32101804,-1.0,-1.0
1143,0.300564055465885,0.31822202,-1.0,-1.0
1144,0.3027115064130263,0.30638576,-1.0,-1.0
1145,0.30161059167620724,0.30453497,-1.0,-1.0
1146,0.3025212447711042,0.302566,-1.0,-1.0
1147,0.2925994137704256,0.3024944,-1.0,-1.0
1148,0.2978593459269447,0.29585677,-1.0,-1.0
1149,0.29274890069178716,0.29756284,-1.0,-1.0
1150,0.2941080580438042,0.29423296,-1.0,-1.0
1151,0.30269794202265315,0.29431394,-1.0,-1.0
1152,0.29342847936779565,0.29978046,-1.0,-1.0
1153,0.29224601926732763,0.29510975,-1.0,-1.0
1154,0.2984709409113626,0.29343706,-1.0,-1.0
1155,0.2899354354590105,0.29680336,-1.0,-1.0
1156,0.29167515415127754,0.2919353,-1.0,-1.0
1157,0.2897859471784915,0.29199627,-1.0,-1.0
1158,0.2906286179409553,0.29048252,-1.0,-1.0
1159,0.2838599993771797,0.29060712,-1.0,-1.0
1160,0.2851512165306415,0.28610334,-1.0,-1.0
1161,0.2910363488366722,0.28575644,-1.0,-1.0
1162,0.29030243376804477,0.28924707,-1.0,-1.0
1163,0.2832076310313586,0.28964818,-1.0,-1.0
1164,0.2909820124440533,0.28531602,-1.0,-1.0
1165,0.2810193659480936,0.28930798,-1.0,-1.0
1166,0.2756099468702129,0.2835393,-1.0,-1.0
1167,0.26889570547377684,0.27867603,-1.0,-1.0
1168,0.27142371912032554,0.272633,-1.0,-1.0
1169,0.2682432949940778,0.27233952,-1.0,-1.0
1170,0.2640162938827872,0.26978973,-1.0,-1.0
1171,0.26507647739208107,0.2663036,-1.0,-1.0
1172,0.2685694791669883,0.2659131,-1.0,-1.0
1173,0.2809649887807541,0.26786634,-1.0,-1.0
1174,0.2777573964581969,0.27647823,-1.0,-1.0
1175,0.27804280862886166,0.27680367,-1.0,-1.0
1176,0.242541625389964,0.27760985,-1.0,-1.0
1177,0.24649677736180559,0.25455433,-1.0,-1.0
1178,0.2541352348843544,0.25095898,-1.0,-1.0
1179,0.2521372722177321,0.25355506,-1.0,-1.0
1180,0.25886511742010443,0.25265566,-1.0,-1.0
1181,0.26755011115297556,0.25703362,-1.0,-1.0
1182,0.26790350565607357,0.2638926,-1.0,-1.0
1183,0.263948353684232,0.266227,-1.0,-1.0
1184,0.2553992417076288,0.2646811,-1.0,-1.0
1185,0.255562375927962,0.25879842,-1.0,-1.0
1186,0.25993882182673617,0.25719523,-1.0,-1.0
1187,0.2670743979248255,0.2592463,-1.0,-1.0
1188,0.2764526176326767,0.2643673,-1.0,-1.0
1189,0.2757730389566682,0.2720465,-1.0,-1.0
1190,0.28252805235535006,0.27400538,-1.0,-1.0
1191,0.2979408912905936,0.27945176,-1.0,-1.0
1192,0.29145768489748275,0.2911567,-1.0,-1.0
1193,0.29401290751506154,0.2903393,-1.0,-1.0
1194,0.29620117259832657,0.29255253,-1.0,-1.0
1195,0.3016378020063946,0.29457068,-1.0,-1.0
1196,0.30447843543548075,0.2987965,-1.0,-1.0
1197,0.30856951265662547,0.3019309,-1.0,-1.0
1198,0.30775401009047115,0.30573964,-1.0,-1.0
1199,0.3057560460646914,0.3064368,-1.0,-1.0
1200,0.31264698471267655,0.30556932,-1.0,-1.0
1201,0.2954672153958212,0.30994177,-1.0,-1.0
1202,0.2958885514566318,0.2997476,-1.0,-1.0
1203,0.28255522055165955,0.2976385,-1.0,-1.0
1204,0.28313964869892544,0.28771412,-1.0,-1.0
1205,0.27729528839514045,0.28530294,-1.0,-1.0
1206,0.2691539494481321,0.28022793,-1.0,-1.0
1207,0.2771185911435915,0.27335814,-1.0,-1.0
